{
  "status": "success",
  "ballot_hash": "1A9DB6713010097158A3FDB14368800261866B894629D26B50211DE61269F026",
  "sanitized_encrypted_ballot": "{\"object_id\": \"ballot-2\", \"style_id\": \"ballot-style-1\", \"manifest_hash\": \"25EF39A4AA2FD7D8C58BF6800430B8C01FCDD0B4C117B84F9E6D9F9ACAF7C39F\", \"code_seed\": \"FDA10A788B0143DFC0CB19F4CEE8D810BFDE38A145FDB94BFF9FB016CD04C32E\", \"contests\": [{\"object_id\": \"contest-1\", \"sequence_order\": 0, \"description_hash\": \"9E60C8987A55A980C7C67F57D261C3A60432C914953354B7B7479D92FC078F73\", \"ballot_selections\": [{\"object_id\": \"Alice Johnson\", \"sequence_order\": 0, \"description_hash\": \"D8265D388DF3457EEA7A1A0A4C5EEBD7F86CEE25166E3B3DED7A989797190F9E\", \"ciphertext\": {\"pad\": \"big_hexadecimal\", \"data\": \"big_hexadecimal\"}, \"crypto_hash\": \"DC98A2699A721E2D915324F85C3525B012CE9680751E820CA786E6E01FCCDE30\", \"is_placeholder_selection\": false, \"nonce\": null, \"proof\": {\"proof_zero_pad\": \"big_hexadecimal\", \"proof_zero_data\": \"big_hexadecimal\", \"proof_one_pad\": \"big_hexadecimal\", \"proof_one_data\": \"big_hexadecimal\", \"proof_zero_challenge\": \"9D593BE14E6CDB87DBC58953F4899122234A8FEBACAEACC4D40585BD49C579C0\", \"proof_one_challenge\": \"968C9B22ECB78A662CB926636B6E4FBF65C3D7D4FD0AB8D56743A6A3C506B522\", \"challenge\": \"33E5D7043B2465EE087EAFB75FF7E0E1890E67C0A9B9659A3B492C610ECC2F9F\", \"proof_zero_response\": \"8962A8C81DCDAABDDEA8DD5A8371428BBE271B471748A3A2DDACE8FE814050A0\", \"proof_one_response\": \"DE8BD6978732DFC72ED23A1AEA6801052305BAED08873BA961285FF1F413875E\", \"usage\": \"Prove selection's value (0 or 1)\"}}, {\"object_id\": \"Bob Smith\", \"sequence_order\": 1, \"description_hash\": \"2A043ABAD62F443647DB18BDABCED798241FAD86E406C9DC22929FB29FAFDB44\", \"ciphertext\": {\"pad\": \"big_hexadecimal\", \"data\": \"big_hexadecimal\"}, \"crypto_hash\": \"1864E69220FD527B470AB1802C0303CF97AE7456F993DB2346245EBE82161817\", \"is_placeholder_selection\": false, \"nonce\": null, \"proof\": {\"proof_zero_pad\": \"big_hexadecimal\", \"proof_zero_data\": \"big_hexadecimal\", \"proof_one_pad\": \"big_hexadecimal\", \"proof_one_data\": \"big_hexadecimal\", \"proof_zero_challenge\": \"06A3E8F450E77AC8550D1282CE52DC5FCE2A7FDC6CD37C2760D62145AE522472\", \"proof_one_challenge\": \"B493687EDFF2D39839BF127E05F095349AD0E50EEAB9968C75B61AE35F10788F\", \"challenge\": \"BB37517330DA4E608ECC2500D443719468FB64EB578D12B3D68C3C290D629D01\", \"proof_zero_response\": \"FFC3354735F2CD24E11D4E1D857F42946339BD7C84A345EB9FADD376BF943B1D\", \"proof_one_response\": \"300BB03F302B1EAA6F81A6106221B3D63AA4131AC824CCDEDEBEFE18B135CF0D\", \"usage\": \"Prove selection's value (0 or 1)\"}}, {\"object_id\": \"contest-1-2-placeholder\", \"sequence_order\": 2, \"description_hash\": \"D9A4C1A69F023D1753FCCC7FAB49201B80D966ED96B375771028C37F4B7CB65D\", \"ciphertext\": {\"pad\": \"big_hexadecimal\", \"data\": \"big_hexadecimal\"}, \"crypto_hash\": \"C2DCFAC376D31A7714290CB430F89B505B2245611300049FCD189FDA7DD32CD6\", \"is_placeholder_selection\": true, \"nonce\": null, \"proof\": {\"proof_zero_pad\": \"big_hexadecimal\", \"proof_zero_data\": \"big_hexadecimal\", \"proof_one_pad\": \"big_hexadecimal\", \"proof_one_data\": \"big_hexadecimal\", \"proof_zero_challenge\": \"CA969BB86695345A3F6F0DF980F2D9D75DC44474A798B4AD845DA181931D2B0F\", \"proof_one_challenge\": \"A0AF146FFFF0EFDD403984C7F7FE7EF8D6F30A276616273180F3CA308A78C795\", \"challenge\": \"6B45B028668624377FA892C178F158D034B74E9C0DAEDBDF05516BB21D95F361\", \"proof_zero_response\": \"545362A59599C696223F0CB2AC61D03559ECBBF81D51B2CFAE6FE82E5F0DD022\", \"proof_one_response\": \"216194939EF0A5D245C3BBEC06684FF79B3C20F49C988BBEF7D3A38A3B08DF11\", \"usage\": \"Prove selection's value (0 or 1)\"}}], \"ciphertext_accumulation\": {\"pad\": \"big_hexadecimal\", \"data\": \"big_hexadecimal\"}, \"crypto_hash\": \"477DA114B5672D7EF4964362F75F6AEE9267090E84A533F8254B212EDEAB0AFD\", \"nonce\": null, \"proof\": {\"pad\": \"big_hexadecimal\", \"data\": \"big_hexadecimal\", \"challenge\": \"9FE0476D832FF55440BEEBC3C33DD8CB6FE4076220CBA016028459E7B2B743A0\", \"response\": \"094E2B2B49A4A5AC31ED285D4644B17BB65674C024527E34FE1BEF1B238A7BA1\", \"constant\": 1, \"usage\": \"Prove value within selection's limit\"}, \"extended_data\": {\"pad\": \"big_hexadecimal\", \"data\": \"big_hexadecimal\", \"mac\": \"7DE85B14E7C0CD152C6D0E6B17E41E94287CE1BDA3B0FC442BA74F365DD14185\"}}], \"code\": \"651FA8B558F8BFDF96F66CCAF2F2CE0484974DD51C5F2353275A98A75AADD625\", \"timestamp\": 1755157007, \"crypto_hash\": \"1A9DB6713010097158A3FDB14368800261866B894629D26B50211DE61269F026\", \"nonce\": null}",
  "nonces_to_reveal": null
}